005c4c7dbedbd600fce214773501b3f6,熊秋悦,xiong-qiu-yue
009545e3e439bbee1a4af4c129711093,江央,anvirdo
0135dc32610b2edf82a340b6444ccb2f,TRACY,tracy-36-57
01577909c2925594dc02d016c9faf237,释朗泉,langquan
0159cb51f4921fa6160348bbf22b15fa,陈阿紫,daazisiji
02399b78f8bca83258ecd81229303e3d,windfuture,windfuture
02a006b4f0f86c5583e4a61dd55f8312,陈沉,chenqiulynne
030b64419090e8f5e6ac52957ee92193,王?,WxzxzW
038f8254a336794bad74afb25127489b,猫宝儿,dai-yu-xiu
04a4b31ab9b9b70a2e58248c3b39ee13,太宰琰,tai-zai-yan
0563efa5d5c8917398a5d239fbd98e41,小苏,xiao-su-27
066819525dc828780dbfcd5c36fc6b6c,詹瓷,zhan-ci
07a9c8bce49db295f6879c47507c3758,徐昊,orangemars
07f8b98cf48da09ccb470a94ea5ce643,刘路,liu-lu
08853c0cbfa1d79fa4c6b2920ebf677b,黎兜兜,li-dou-dou-19
08f08153e70669661c5e4217815aec0e,霍老爷,huolaoye
09ffd12917656aad7550338adde85c6f,Azorey Miles,azorey
0a29533f82cfe687225b1516f4f72bec,长颈鹿不吃药,xiaomo-1995
0b8fb4c4655930dda18068e38191893c,淘淘他爹,pirlo
0cc47b60950c66ad363d4c43d3d19b55,叶生,fang-jiu-sheng
0d53bb040a820cc926164b89a46f4924,元卜,brodiao
0da8165d882dafa7bf02516817f46dff,方丽娟,258031
0dddf50c5ddb7d5194407e4a69f31f48,白墨,baimo
0e41cdcf07bd48c41d4cbd814fc68a83,NealDie,zenithdie
0efaaf66f2b6e14de73fd60a5dde04c7,穿红衣服的小子弹,zhangdaxun
0f9cf04f1c815e7f5d56c13283b58461,冯磊,ffffl
10cf15a46bafb942b2afa23e9c92f94a,桃子,cherrypeach
1139468e48fd5c68d950fef4e92c6516,邓妍,yandeng
11e1a6f1a3d1b1971dc70d6a2fa310a9,汗青,han-qing
12e1e444755c813eaabd95a16c793564,过儿,guo-er-dy
13a018eaa0dbdab99e27d383266f670f,景玺龙,cherry924
14ef43a587fd7f7798030d72b4e56514,朱博文,bournezhu
14f1982ee9fd4e9579b918b4676b8b44,KnowYourself,knowyourself-1
15a731b23a0a850336f340bd1df0fecc,杨阿米,yangsiminamy
189f243cdd04a3f718e7f6eda051806f,黄鹤,troubledwater
1915147bcc755a4091794af1b4d1b523,顾扯淡,gu-che-dan
1aa09a3b793b76b6abec6a73dd5d1989,任天涯,ren-tian-ya
1b250a95cd74b1bee184a481d260308b,温烟,vina-lu
1c303c75525c3eecefeb4ccf57a9c226,Ground,ground001
1c48e34c107ef4b8e169c54d7545f75e,杨大懒人,Namoamitabhaya
1cdf8481b1fe7b5a830a1073fa9be4b2,Light,light233
1d262b58081c43f7d499f539cec48749,少侠你裤子掉了,ge-yang
1e7791e5ed733bbdd65d29025cbaa606,李盆,li-pen
1f3ad9b0a6f1acb661b130ac9ef6f725,空白,flyinsky-26
20e911524247b63b55decfbe6080aceb,无耻采铜,cai-tong
212a4aa9f53b763a40d54f14fe32a58f,肥尼姑,fei-li-gu
21aedfd2f46a9ec9564ccfa26903fa65,张大宝,zhang-da-bao-38-15
220f3b5ab0d5ab1c1114aa9bccdcefae,宋?萌,song-pei-meng
24a54429e34ffe5abb6af7b45b81fafd,茶小花,cha-xiao-hua-22
24caaf14570ee4a79395d9a968fb9126,隋柯西,suikaixin
2595cf4d136e4f835581278531d47692,卓钥,zhuo-yao-76
25d2b1d793c800d2b525e18530321295,吴震,wu-zhen-13
261b1e7db27b78303d272e15ec6a549a,思桐,si-tong-11
26288a398b61d6d385b3415a58771118,白蜜,baigh
26d63a74c938c40577d104f7084d7d05,翡柏,renfish
2822124604f28b5979c20a33b2383dcc,铁柱,tie-zhu-52
285ae9f186e740f3c8457233bf83d1c7,徐凯文,xu-kai-wen-84
28bb2b6ff09a5072198351434ab2efff,yolfilm,yolfilm
29fbf934bab0484830205ea7db51d311,肖公子,djakdjksajdkasjd
2a369772660ff5634dd49adcb034c1d3,吴寒笛,wuhandi
2a485980f91b756b2abbe92b7ca7f424,天雨白,tian-yu-bai
2beeb0b1c3922a15570774cd1fb45443,叶馨,francescaxs
2d0ca4e8b8d1fc14eb0da0e9423c9cca,王梦雨,wang-meng-yu
2d6717f820b2fc9e6450b0a3ff7542eb,葛巾,gejinyuban
2d710a711443335aeee55740e01f2043,王瑞,arthas
2da04a0c45bc13186c10c52e07c409ad,灰子,hui-zi-51
2faab445cbd3a9ab1e69a7a077d44ed3,穆纛雠,mu-dao-chou
312f0bd40472296ff3e70cf354725405,林二,lin-er-51
31412604f8b7372daa49f6b6ab8514e9,Miranda Ling,miranda-ling
32cbad52f55a84f8eb16be43e9b1e2e1,城年,cheng-nian
32d18a9d286d19e01ea754e2e28f280e,veranda,vexxxxxx
342d47c5da88fb45217f0685d261ce64,肥肥猫,feifeimao
347b3c281d13e37ea679ca787c4f37a0,毛羽立,mao-yu-li
34a088726f0847d4a0924e9cd70ab222,罗飞,luo-fei-77
35596b33ab6f1b259bbc01cb6c504d62,陈敏,jieducm
35b7d715bc0a1aecfc0f77b01ae6dc70,doknow,doknow
37a09e01f36cd88427fde1d96c046a4d,邓柯,DKinBJ
380b4a570d5fdb7959ca9280d1eb0495,王雪岩,wang-xue-yan-21
39500c7dc890cf0dabe357997df69772,孙小砖,sun-xiao-zhuan
39897862ea8b35d770ccb988532df9e8,高桥美美,gaoqiaomeimei
39d50378e259a229590d96d63c7c2c02,王阅微,wang-yue-wei
3ad0b4eb3711b8d8db616e98478778b8,Kingfisher,wan-nian
3d05ac25d5568e0d8ddd175353a7ed38,周子涵,zh3036
3d3085edb4b9cbaa33a411f309945d97,刘liu,liu-hao-1
3f92caccf4ef0c236492b6a75567112e,椰丝Yes,coconut76wd6
4055a09d55538f79261cb7143f6a09f3,李松蔚,lisongwei
410e0e9ca5aa1f39de4b8a7787f96078,七荞,Qiqiao
41e85bcea23c0b1bd59fb3f3a0ea5ea8,五十块,be-with-lele
41f58a858f5cb84ebbead1836096e48a,唐缺,tang-que
42e6f29f2090d82400fd1ca364efb101,老魏Joshua,joshuawei
44d05a1ad1f82ded8bb6e739631e7363,鲫鱼,qiu-yan-69-82
451c7e35456137a1cc80941502c9ecfd,安雅,ayat
45498e87f6b837bdbcaf285ac2962440,江灿,da-can-1994
461de99bf9c5ee3c71b375c803919376,王亚晖,superwyh
46c1386c1f6e5dbc98192f9921ca4818,左宵,zuo-xiao-97-91
4719effbbe11dfaa29bc4ad5659462aa,柔王丸,rou-wang-wan
48ab934ba89ace69f7d267503cf86caa,于洁茹,yujieru
48ddfa526720c3ada296462afb5d564b,梁边妖,liangbianyao
48fac41d11a323816e998c021cf45cc2,顺超,shun-chao-89
491b1dc31ed6c376323c2fe5f643f650,王诺诺,wangnuonuo
493bf746f5d3c535bcd93a37dc642194,谌斌,shenbin
4a11526c00a1a311b24ba01795781764,马锐拉,marila
4cdeed8f4e84080608d167f6167c21c5,陆海天,positive52energy
4fb012252bdf5ee276bd506cd332f215,FantasticCathy,FantasticCathy
4fbc41df6d96b0ef2c1ea8a74b7a42a1,澜心,inferiorlove
5008bc77369d0e4f45d82f6f59a3cb5b,杨小彻,yangxiaoche
50e3115846f7386249dd0cae2f060b25,崔大喵maggie,cui-xiao-miao-98
51b341e826b48ae6879310dde823022b,豆子,douzishushu
5212f6cb2ba9bd24a1754af489ac1c6c,和彩,halcyonall
522f8b5509bc8e2485ae5684807f27e8,蒋二笑,jiang-er-xiao
53ff770b4099fbfb1cf6b908b3b3d4c5,Tannin喵,tannin
54884bbc892e510c76ffc6bcddac8e27,血哥从来不用真名,bloodzboi
54db73cc4ff701e5606b0e6cfecb90ff,宁昼,twomm
54dec50c9df8a2a38149bac00a2b15f6,步衫,bu-san-85
55ee154d2e7d85f45c0b613f85dcfa0a,那美克星走私犯,jian-feng-25
56305471d36b5fcf4b356333eb31c812,BMAN,worldcitizen
57c62d091cfa7544cdca2d1394e85f3d,大泽,lan-yan-92
57d3f448448c7ce47fcfed6f3a08d4d7,玩家,wan-jia-52
58210afa0ed5663dcdacf61d150536ee,will lian,will-lian
5874b9fc2c79879886cc9caaa2aa1492,windleavez,windleavez
58a7556345ca0d391cd26319afcfe09b,夜溟,ye-ming-l7
59fcae62596fb6ba08f2860a5fe6f171,王司图,kaiserwangsitu
5ab7a2ed1664ee1c16ed39e19956e9e8,周祚,zhou-zuo
5b0ece23ea4a81707cb05ae27d878e02,曾轶,rz3000
5b134f46131ab66103ba7629b874093a,花燃山色,max-king-48
5b649f948321d4bf27089ae561c2a684,火十三爷,bukutang
5bd13deecbef6c798c45c7777297604f,cOMMANDO,commando
5d0a35750fe07432ae10f0e04b64e2ae,吴婷婷,shenlouchengzhixia
5d0f0d441ef9ccc813e97ea58e6f2c5d,慵懒猫娘,yonglanmaoniang
5d75784266b3cf4b237a7d5e3bd7c72f,特蕾西,yuan-meng-94-5
5d8147a9d65c0f1f81d6ccaa4740910a,纪蔓,jian-an-90
5d88eb35db76690e9c2d3fb53af96903,刘小瓷,liu-xiao-ci
5dd029d6c142810b6bc2c61ed5687781,知北游,zhibeiyou
5e5ca3dcbdbe9fd6665ce4f1a622a92c,?成子?,ycziyou
5f2c71e252f97a662bf571ea53575d52,小马宋,xiaomasong
5f98db3dd27dc649695b02d7bb327c24,macguffin,macguffin
609309e89dac3fd1a627f62da88c4297,kun yu,kun-yu
61f0dd0287f08da391b50f48234d602d,Keith Yu,keithin
6216137f9a4f128acd090c1023c9b4c6,devil缠,bbs.amyts.com
6241df82c641cf69c92265445d56251e,飞天兔,flyingrabbit
624fbb1320d8b2fcb3598db2f2d9b9e6,鸡小小,cheernuo
626dca92ceafc3f5aebfe06d8f0d1253,从不毒舌可达鸭,allen-xu-3
62e17b009f0c07ec8b3afb49a40c285a,花火,sparks
63a9e2cb7cb714f436a564647c8b23de,李越,liyue233
63b6a66d241f0cbd9b2ea4cb783acccf,东东枪,dongdongqiang
63fda86efb0e9bc80fb6914b1599f080,喻忘忧,Hemerocallis-Yu
640f5e89681737e7649c832fd9870fb3,Gaius,gaius-33
6451eaf4605f038f817d9a398dd8b9a1,Banlon,banlon
66297d6c8981d941e0f0ae1c37751106,MJ勺子,mj1997
67b083a26d61ca1754e66469b0fdb184,万桃桃,peach
6842265e5059f8e90a8453a720a6fb89,Edison Chen,edison-chen-8612
6a0de2139b144d1cca06d5bcadc09d73,王小鹿,wang-xiao-lu-41-23
6b67515a2a52aa37e09fafb9151c3d0b,大猫,bigc.at
6bc976812ee3a2962bc3292d8b12072a,夏瑶,cheng-bi-an
6bfad8199c976be84f00a7bdc078d4f5,苏莉安,aton
6cec73c1ad2f13559bf13c59b2f455b2,张志浩,zhang-zhihao
6de61e0be525f18d410b565998c9183d,羊小雪,snowyang
6e16db402d539c9bcf9ecbda9243fb63,俞林鑫,yu-lin-xin-32
6e5655b40edf3d98a7a72d039f5293b1,丁钰,cao-mei-da-fu-75
6e5d9c6ddc61e60c34894700a4989a14,Lydia,lydia-62
6fa01bf397be5928853cb0105c4b4ab7,Selerare,Selerare
6fcba9c4b05b3a1000190c942615c4d2,青葭,qing-jia-57
6fec62f485ab0aa8f62eaf0a980802dd,倪一宁,CookiesNee
704c30d0a7288e0854953817898e30af,罗大佑,luo-da-you-41-37
7088d14b1a166333ae404992b020b20c,Danny W,dannyw
7198c3b03357a2e077d2c802f586bf97,Jennie酱,jenniejiang
72abf93ebc8b6889244c90b7f92d0c55,沈晓波,lovefcb
7303e4f770e8055f3bedc4cf3b192325,Michael282694,Michael282694
745f6b1ccc970cec3ef19638e12d012c,白源源,bai-yuan-yuan-1022
751fd2521f59a34b543cac65f1ba47fc,龚伟,gonw
75251b2a1356728b4e2b990ccee252d2,清流,nocturn
7579691167ed033d126613e34a79209d,黑猫墨墨,liu-jing-xin-88
76fb03a365e87e5257755be2d5d79afe,四呆,newlife
772bfccd2f751a67f85509b33b9ecd88,傅渥成,fuwocheng
779e43547a0acba8fcfa2eb97dfac815,阿绿,he-yu-13
77f2d62c2034f191b2f11d7161c18083,cleopatra-S,da-shi-xiong-de-xiao-yao
7806a9a8bcca9208159b585fe678e3bf,??而生,jilingbhl
789098323cce9ff1782f37e9719313b9,赵思家,sijiazhao
78b8d6628ac20be36d68e4a18f2d81ee,熊熊熊熊熊熊熊,xiong-xiong-xiong-xiong-xiong-xiong-xiong
7a2f597e6663b6ae4400f350bf568af3,君临,junlin_1980
7c427252faa5bb9c5a9b408e718c9ca9,??,fangz
7c42da20f514893801a6093592326d62,方鹿话,LH
7cfe550fe3e9e4c1b0b5d3e00b9fb84d,实初哥哥,shi-fang-ge-ge
7d79a3b595bfca95ffaf628c9ebd298f,阿静,liu-jing-yu-66-13
7d9745d7cfc0a0948f801b15655d992a,清欢,qinghuan1211
7d9a2c039518b86d75d80327ecac6096,隐山,xing-hao-96
7e2de45b1e20752ef827dc2d9efad2df,chloe,chloe666
7e550cde4b2de039dcc89186bcbe3fd6,小早川,liyuqi
7ec145de7063094f1748c1bec39b7aa0,曾?,zengmin
81ff7278b8a756c811b3b62dcce287d0,风行者,qisini
822c48d54f50e4583c70ce9dcd993999,家族游戏,jia-zu-you-xi
82c01cc711f0794c683d4fb11f885813,秦?,qinqian-77
84844ee84372dbc2d09fd9f03129b84e,水5郎 waterfive,water-five
8517c9e0e90e40fb5d51800668477228,郦橙锦妖,lycheeorange
86d748f54b36608b2993bc4921227dbd,邓抽抽,deng-chou-chou-19
86d9f7a87c626a63d04cf8c6916fb881,柴七,niu-chai-huo
86e42c35dbe7a0b5911e7e6b3c302257,阿喂,dong-nan-pian-bei
86eaac8b6afe521c9499f91dbcf84fba,暖星,yan-cheng-24
870efc77749bb58e6a8165d095aa4f92,天王君,suranee222
880eeefa86cd6baea2349019cc7a5323,尔东尘,er-dong-chen-64
88a28331b2efe3f9cf9b59c656784be0,cindy huang,cindy-huang-66
89642c262b214ff178c612e2a6da25d0,影夜,ying-ye-78
8ab8331855a717f1454e6b4966cea8fe,周宓,zhou-mi-73
8b7b027115602273520d871daa3dc475,青菀,qingwan
8bcc375d4ca2441643da16f2e5ba1a42,枯荣,ku-rong-53-87
8c187adaffe0a6d21d885ace263acf89,郑能量之父,max808
8e5fd509c8169f05d256903b2f0aca75,??,justiceforall
8e7c22f13ec5d5da90250c2b7e4aee9e,戴雨森,yusen
8ef8c1176e09a4f24255dfb3f69c8df0,吴泽泳,wu-ze-yong
8f82c1947bad63a27ca5425c5836c733,林游?,linyouyou
8fe7bd8a66ca63a06858276e4a54941a,麒麟手,liu-tai-lin
9106488fb9264e9411b1ff44a676eb93,王小坏,wang-xiao-pi-18
9126f256180e3fa0d404aa314c2b3bb7,Miya,miya-28
912d322494d39f7fb6f37b1394c9a446,张兆杰,Ace1987
916393f1c1bba5e5c42794258fc3fd44,刘小敏,liu-xiao-min-32-94
930cd2d5d70f35a75ac92aa24d233aa1,Shuzhi,shuer
9338ee05043e2df34b5dfb6d7c222b9b,无不散席,wu-bu-san-xi-56
9342f49ac0ca72e7e1c2bf42f7e020ac,麻宁,ma-zhu-65-91
93d1d970fb99038a2a63c40e24c05906,张传利,zhang-chuan-li-21
9442f011c62c6ea07418d16cf803dd64,sym cheng,cheng-song-25
94a4e6f27578febb4c3d8cae45fd9109,瘾小明,valarmorghulis
95101c4c6ed47630bf46f0975ada651c,唐僧同志,imajin
95f8a65fdeaa1e6bfebc74742c2ffe63,心理学徒李二狗,li-er-gou-14-30
9626c35095f8b0a6772363089a20e38d,倪修智,ni-xiu-zhi
96572e3b90524b9bfcb09b7f71ef1e66,苍斯基,jaxical
966d84c512a177de19a9cd64bbaa21b8,张百万,1000000
97008cf8fda5f1845b78cea75112fd13,刘硕,shuoliu
9744786fdca45942854552af428578b0,匡靖,zhang-jing-88-76
97c3f8188a2a542ded14f04efc35dd42,王文洋,wang-wen-yang
981d874603fcc2ba8e03789250940eb6,水云逸,cakvfcwz
98dda706d62552f94e91341715e2ab61,Moemoe Li,moemoeli
9ad264e8088ee66f5ad2f1ca1bad50b7,Juan,juan-32
9be74a19371889903a6b1cc99d2e03a1,孟飞,meng-fei-59-13
9c1743860d79515d485ba54d7309a133,涂国强,tu-guo-qiang
9edb9c41daba15e9813c07ed6cb6f4cc,任易,ren-yi-8
9f987239282bc362f5b9ecbee51a14bc,程毅南,cheng-yi-nan
a09f11153f1abc365547f659a86e9fd1,张甲岩,zhang-jia-yan-6
a1d971f2154a83f8b975093bc22698b6,菠菜,bo-cai-28-7
a3d1df1f61616ebdac9e2d71db5800bd,周召,zhouzhao
a3f166867930e709f8f501e396079956,高地清风,gaodiqingfeng
a464f0dae528f05bc76e82ccd001b44b,低眉,hou-ye-60
a5eec6cce686ffe86d9da5c04fd74f6d,钟杰,joevazhong
a609689b545c1162f2d6d19fd4a9aeee,田浩,Tian-Hao-
a61c9e3a7566f5ffb9f52b11f8dea5ab,蚂蚁蚂蚁,mayimayi
a6b28b7bccbeafcc23f79338eb8baaee,周炜,Chowei
a7a123d45f6505eff7f1dec9bbc03d4b,叶壮,yezhuang
a80a326a97a2b47982ba4ec59a6a5358,SwanAir,onlyswan
a8cd8c7cc6e7de24b5f6f547512fd200,王志安,wang-zhi-an-20
aa15a1808f0b3a526df99769e03a2f84,刘念,liuniandate
ab33282924b9b5e04c400e1fe7e75e8d,德川咪咪,de-chuan-mi-mi
ab9d1d1b6d50f1c585a0467841664808,刘黎子,liu-li-zi
ae1b2859319964e5360a53a24ba8acc3,圣狗子,ytian
aea2c11c88e584e7c8d36f95e4c00f31,闻佳,chibaole
afe49c79012860430532946f97462a84,王恒彤,wang-heng-tong
b031b1bd49411e1382130e7cc1bd3144,??果,zhuang-jian-guo
b0ab5384b41e06c4da20830d995e0b3a,肖肖,wildjuly
b0da2efdfe8425673c5831910af44c21,@围脖老丁,ding
b0f693f6d60eb087ab32930b4c162b62,心慈手软皮大喵,xiekun1128
b1215c0a9e3c910fedcb37f537c32323,一张皈依证,ewushichu
b162a6f2f3a80ce6c83860a1cb6650d5,王嘉悦,jiayue-wang-80
b38e82765f1b64220f21661fc8fc62c9,赵晨,zhao-chen-55-78
b39d54876077fd4d8305986695d31173,王麟,wang-lin-83-53
b437cd883d63a1571355c5756b1ed82f,Alexander.R,alexander-r
b4cffc7a0be464284650d9292bcad180,司马暗,si-ma-an
b509af8077ed1a456ba1178f922818c5,莫伟智,mo-wei-zhi-57
b542665a916f8d2cf746388c77023c2c,shu shu,mayinj
b5a196b1596c76003790bb42d9248ab7,普二丁,pu-er-ding-2
b61720ed048e7dba8b59cb98a1435dfe,胡远东,hydfox
b6dc31780c139db2b02b32692f73b239,陈昆廷,chenkunting
b6f80220378c8b0b78175dd6a0b9c680,黄继新,jixin
b782bcc246d26e8fe4650c450b6a5373,明珠一颗孙小美,sun-xiao-mei-125
b7e8401790fc52a59a95008e8441214c,白小烦,bai-xiao-fan-ha
b8d44ba27844459fb0cdc528594696cb,飞鸟冰河,fei-niao-bing-he
b9257d85d0528e850c2e8f49bfa7dc44,醉生梦死,changchang-54-94
ba100dca2a2f7bc7684dca9f70ca7371,张杨,zhang-yang-60
bb713165dc209ad3f3d707a371d41383,蔡中元,caizhongyuan
bbeeaa6817a991afc09b2bdff8ae2c54,梅蓝,sunnuan
be0548f97daeaa3b7bb15b2ea753bae5,不会改变,daydreamer
be807719ed9271127b7aa03e87a3a595,陶拾伍,tao-shi-wu
be8e970cb2a4cf87580ac3b811d29477,邹小樱,magicying
bf43e7f6496d4987147a7bfd7597f18a,?野早苗,sara233
c1628e29492eaf575ae9d22187b5d3db,张春,zhang-chun-34
c60fb167ac7cdf28570dc60c670e5ebd,简叔,linlis
c63e353d0aef28e6d758a5c367826668,云上彩,coldlife
c6fe99754a3ae4c25e3a8977617a9984,硝镁盐,11x11
c74d4e895fc50b5cf93f3c50c38c36ee,姚泽云,yao-ze-yun
c77e05750674ade09175a241159a8924,如言,guangtouheshang
c948a6c96e21986af5d9c720334989f7,谢熊猫君,xiepanda
ca7df4666696f38244c866968bebd6c4,乔牧心,helanqiaoyue
ca946dc5bee68d0280d074b9925decf1,楠爷,evenstar
cb8cd6ed8914e19c186cba22c30d2c44,我桃桃渡河而来,tao-zi-de-tao
cd003e4ce2b00b6f9de35adba5403e81,罗小居,luoxiaoju
cdd003aee92c24d9159e01cf6236ddec,石苏,shisu
cdedaefda88b766cefe030a70ae661bc,铁衣,tie-yi-36
ce8899b74d8bb147bf63ff8ec9122dea,波意耳,boyier
ce91b5b28c785ce69090eb1790fea8c7,欲三更,yu-san-geng
cf3ec8fecf9dfc85c58684b088bf7137,聂宁,nie-zhu
cfc0e1a09fc94af4c879b2b34a040602,帝哲,dizhe
d050c93ef56eaf7a5964d4105a68ad5d,吕晓艺,lu-xiao-yi-54
d0bc1529e752c5d895a5259200fc32ff,李嫣儿,chen-xiao-xiao-96-73
d14858410e272d4160fb7050dc20a5b5,超人肖,Emma_xx
d16c6c8296c9c67600448c7baca4b9d3,谷大白话,gu-da-bai-hua-3
d18b77d8bf4a22d49fbb5b05e451fe20,徐湘楠,miaomiaomiao
d1da0ca38a915d5755e6265e5aacd8ec,沈南,shei-39
d24c321df63ed4927e2073f93fc93e0a,Wing,synapse
d366cd9b6ece8d5140532dd5a91fea6d,Jennyyy,thejennyyy
d45ca1164c1fcfe4f88cfaa4a42e7c8c,派森哲,chengke92
d6bcb61e6690de25a4a046ad46425453,费妮妮,sunnynini
d6e5cea2c009196cafeb31901de85594,Justin Lee,lzy135
d76a4e4145244f9de7181f288d21be68,董弈,dong-yi-57
d788cfe0be41c102852ff675710e126e,Lachel,lachel
d871d21ec97d33b12d90418480eb6ac9,确幸lasia,que-xing-lasia
d8818949039c0b1c94544c832f053098,叶清波,yeqingbo
d8ed754674848bf189ac5cec31031a3a,赫离,helicopterphilo
d9173efd1af72fc1698de6172717044d,小短,xiao-duan
d94f4d9f98eadb2b470d5f0c74942436,张小串,zhang-xiao-chuan-16
d9adc24d8a761eebf51e9e87a635fa87,warfalcon,warfalcon
da3b46ed38088c3d0d319f903eb90b19,沈东郁,chen-dong-yu-78
dd50764839c4f5f87025c217c43842b2,Rene Zhu,rene-zhu
ddb693d46cab066c345ed2f695e780e9,冷爱,coldloving
df7c633bbba9f89c36b233b45c9f9f0d,蔡要要,jiejie_my_lover
dfc50c16220f16f61973beacfbc29658,陈柏龄,chenbailing
e0afbeb616c51b222c0be27e0eee3b2d,钱庄庄,2zhuang
e0b5a47e889233397702282b0cc705bf,陈然,chenran
e0dbd3acb4f65d4e1569935565829b78,Zl Hao,haozemaliang
e1b8ef0f41593baacdd0ec2f136f204f,关毛,guan-mao-12
e1c86b2081ba12ad3cb724b180a075ee,卫斯里,wei-si-li-82
e33058eb1cbcbfa48f6a34dec3c06600,钱小夏,qian-xiao-xia
e3b51103535d6392779f4e7b8fef3d83,白衣卿相,byqx321
e3bdb9daac511df9e35938df732edf5e,陈馊命,chen-sou-ming
e4132002c4f9f6b623af37764e5f36d9,梦觉,meng-jue-99
e4790c80d9f10a91a393f6d21a985774,王成,wangcheng678
e4831dbe00963d7e4abb70e976144cb5,鲁小北,lu-xiao-bei-25
e59583aec5c5fcf51616ffc605db5bab,端木异,duanmuyi_
e5fb0aab23f1ebca897594c74d178c79,涛吴,Metaphox
e6d12e99c87133d4eb8842f8f1ebbb07,韦思嘉,scarlettwei
e8d3273844b53090c1771176d302edfb,顾lily,lilyforever
e9bea671e131f3cb9302e0059f5bf0a6,李亚京,li-ya-jing-83
eaa1fd08f7e96231f047295545a1dfff,如茜,xi-ru-qian
eb0607547fc62e61af9c8728945a62f8,梁兴扬,liang-xing-yang
eb89038b11db0f602e48ca912089a45c,赵圆圆,yuanyuandotinfo
ebb0d2006b832fcd2f8d7dcf4d3299ba,人怕出名猪怕壮,tana-safin
ec57f56165fc5d88cef8e69816b456ba,朱炫,zhu-xuan-86
ec86199a2128ed32caccc06aaa7cffff,吴天微,Trevor-Woo
ed053e116cb018b425ef6aa9d0416d4d,方十一,fang-shi-yi-yue
edbcdd6178fa24090252ea2b6de8d3dc,twocold,twocold-27-52
eef0f5813fe27653df3cc4709dbf2b8c,谭香山,tan-xiang-shan-98
f19c46481089edc834b3218ab4b23870,小飞飞,kiwiit
f3a4eaf32075bc78047833788a64699e,沃金,BlackCloak
f3ca20580631a48673c4b61ecca2c5b0,胡江,hujiang
f3e7d7e21425290608f44a10e67932c2,梓泉,zi-quan-26
f43d89e619f4893e47440ee8e6014232,深夜徐老师,xu-yan-2
f46441b3ad65507c84d1c4c093c23694,Sherry Li,sherrylimusic
f4ac0f67b10c36728e46108605527ce9,克克Kek,cherrybomb
f5f6ecc5d43ab00a5ad3f3d9ad8a61fe,王?米,nami.wang
f66da94bd590ff09cd2fa294f2d0fb5f,万方中,wansfang
f6e344dcbbce7a74be971cdd35e87a4f,程胖子,cheng-pang-zi
f980c42ed135ffff1391c3efa0659afd,琉森,luzern
f9f8c12d866d07b8bdcea02923615bb0,王捷,cheka
fa73fc9deedce1e1c8045867ee93b0e1,晚风,lovingwanfeng
fb1339246968bdebd53e07885ac47125,动机在杭州,dong-ji-zai-hang-zhou
fb2dd36c81cdac8dd2d8b1897e92d740,南君,0407
fcdbbf405578421068fa4d101840da3e,朵拉陈,dora-chen-19
fde1c16ed610dbcf2105386a470e6848,安嘉门院,an-jia-men-yuan
fe80fb69622bf05e351dbac7abebfeeb,Oulove?,oulove
ff15fd28b97d7e2eb30d587b7b589472,Judy张吉思,judyzhang-ji-si
fff79cc61b27ebd43adbdaef7e124d41,竹林探月,zhu-lin-tan-yue
